city,area (km2),height (km),list/sq_km,listing_count,width (km)
Amsterdam,219.3,23.09384469259,88.71865025079799,19456,17.026981883409498
Beijing,16810.0,175.77862882737074,1.5419988102320048,25921,179.66829850312772
Las Vegas,352.0,31.634010100378394,5.502840909090909,1937,27.85190921897551
Los Angeles,1300.0,47.194780362723286,28.64076923076923,37233,70.2866729257894
Madrid,604.3,26.189574994810275,29.21065695846434,17652,27.958510660917135
New York,783.8,47.07467970260415,63.47027302883389,49748,48.88091562456768
Paris,105.4,18.015093536871202,550.796963946869,58054,9.627401502866862
Sydney,12370.0,76.32200063341759,2.9029102667744544,35909,59.9194721439463
